{
  "q80_single": 0.0004093373713185828,
  "q90_single": 0.020028849715818007,
  "q80_zero": 0.0,
  "q90_zero": 0.00037271912093700513,
  "q80_nonzero": 0.29505793680272663,
  "q90_nonzero": 0.7030068351383753
}